question,answer1,answer2,spread,rewards_daily_rate,gm_reward_per_100,sm_reward_per_100,bid_reward_per_100,ask_reward_per_100,volatility_sum,volatilty/reward,min_size,1_hour,3_hour,6_hour,12_hour,24_hour,7_day,30_day,best_bid,best_ask,volatility_price,max_spread,tick_size,neg_risk,market_slug,token1,token2,condition_id
Israel strikes Iran before 2026?,Yes,No,0.020000000000000018,30,2.78,3.19,1.62,4.76,18.21,0.15,100,0.0,0.0,4.62,4.27,3.85,7.69,7.61,0.37,0.39,0.38,3.5,0.01,False,israel-strikes-iran-before-2026,26101387301119236320811157843042624909865342298415631849879665540468380004943,4935491735120219515538276844021763019234029777255150441710331553232678592834,0xe4a2b3d43921a62fd693cbaca54249feec7b52fdcd5c7dd8c809a38179c1cbb0
"Will the announcers say ""Spike"" during Chiefs vs Jaguars game? (October 6)",Yes,No,0.5800000000000001,5,2.5,2.5,2.5,2.5,16.23,0.15,20,0.0,0.0,0.0,0.0,1.41,7.41,7.41,0.06,0.64,0.35,4.5,0.01,False,will-the-announcers-say-spike-during-chiefs-vs-jaguars-game-october-6,113565281114164439182125219287048284847236992386508069874602339225235065633609,50254638621824747465482832992333964551911936622148415573106801308603367942700,0xac7f91ca7e5e310c0af1aa68881fd9f066bb22e0fd222b53bc2143ad6eb6a273
"Will the announcers say ""Punt"" 15+ times during Chiefs vs Jaguars game? (October 6)",Yes,No,0.5800000000000001,5,2.5,2.5,2.5,2.5,18.21,0.14,20,0.0,0.0,0.0,0.0,1.41,8.4,8.4,0.06,0.64,0.35,4.5,0.01,False,will-the-announcers-say-punt-15-times-during-chiefs-vs-jaguars-game-october-6-413,63053699890755541572938579457259588695427516134753375554457973833139229284614,23672063748846759279773249169646560532840872142019930610535631489982058782459,0x4ef4f94882bad05729c36aa3ee81e10cc58eff33bda3f6b3174b16c61d228d22
"Will the announcers say ""Knee"" 5+ times during Chiefs vs Jaguars game? (October 6)",Yes,No,0.55,5,2.5,2.5,2.5,2.5,15.96,0.16,20,0.0,0.0,0.0,0.0,0.0,7.98,7.98,0.06,0.61,0.34,4.5,0.01,False,will-the-announcers-say-knee-5-times-during-chiefs-vs-jaguars-game-october-6-513,12170640769525565850664043393133644861121700280064680435740265711926335887138,104741781305991463661366829492269361907755114702701136824893964895871629507206,0x7f054ad44dde5b58506e518efadf3353c2fe9b84d696436ef9695424cc40aa6d
"Will the announcers say ""Taunt"" or ""Taunting"" during Chiefs vs Jaguars game? (October 6)",Yes,No,0.5800000000000001,5,2.5,2.5,2.5,2.5,15.829999999999998,0.16,20,0.0,0.0,0.0,0.0,1.41,7.21,7.21,0.06,0.64,0.35,4.5,0.01,False,will-the-announcers-say-taunt-or-taunting-during-chiefs-vs-jaguars-game-october-6,37478510850507810763952979861222233941102605577260196295310136805855975343697,22574758984361418522586816054304209647276838055495800666546123191213951311702,0xd42ce66c0177dadb623d28f94e50ed486539a1478eabe144e5860a27fd83835a
"Will the announcers say ""Concussion"" during Chiefs vs Jaguars game? (October 6)",Yes,No,0.29000000000000004,5,2.5,2.5,2.5,2.5,13.83,0.18,20,0.0,0.0,0.0,1.42,1.43,6.2,6.2,0.35,0.64,0.5,4.5,0.01,False,will-the-announcers-say-concussion-during-chiefs-vs-jaguars-game-october-6,67954945459758463862631830435611939280665702343218186078847936355396901448417,66708548122747299652029261013189522467625234765048247163869064018763534065639,0xc55d3ece13bca645263f4a8c96a1339edc148b57a85d57f614fa1043ccc500d4
"Will the announcers say ""Inch"" during Chiefs vs Jaguars game? (October 6)",Yes,No,0.4799999999999999,5,2.5,2.5,2.5,2.5,17.12,0.15,20,0.0,0.0,0.0,0.0,0.0,8.56,8.56,0.46,0.94,0.7,4.5,0.01,False,will-the-announcers-say-inch-during-chiefs-vs-jaguars-game-october-6,71097058718310037580751194356591508006904272222604917301618014207191574870883,93502124846855473543818501819181191043636701763098031836484639689479903998655,0xa11b3b3771c38e2d67c21c1d00ac91f0d4a7422cffc4bed35267ffafb93851d4
"Will the announcers say ""Tush Push"" during Chiefs vs Jaguars game? (October 6)",Yes,No,0.44000000000000006,5,2.5,2.5,2.5,2.5,19.33,0.13,20,0.0,0.0,0.0,2.31,2.33,8.5,8.5,0.09,0.53,0.31,4.5,0.01,False,will-the-announcers-say-tush-push-during-chiefs-vs-jaguars-game-october-6,92680664451120808306661549365611776820466011257143012071660139895746931430152,35541300379992685727488427089287702681367606152798669126914534679183840996301,0x5fc4885b8bb85a79a4efe01d49809a7d0a30f1409be1cfe155bacbe572b0efac
"Will Freddie Mac not IPO by June 30, 2026?",Yes,No,0.09999999999999998,5,2.5,2.5,2.5,2.5,14.530000000000001,0.17,50,0.0,0.0,3.8,2.7,2.21,0.83,11.49,0.4,0.5,0.45,4.5,0.01,True,will-freddie-mac-not-ipo-by-june-30-2026,54243248029306051275830191258135173526338964558849942397736273379412655532516,91691902168834009974806478793015739249455252228513429395248013088866059313953,0x88f380941bf0fc1a485dcf07e006e932724d8a37405b9b0f908d8046a65a006e
"Will the announcers say ""Overtime"" during Chiefs vs Jaguars game? (October 6)",Yes,No,0.42999999999999994,5,2.5,2.5,2.5,2.5,14.82,0.17,20,0.0,0.0,0.0,0.0,0.0,7.41,7.41,0.17,0.6,0.38,4.5,0.01,False,will-the-announcers-say-overtime-during-chiefs-vs-jaguars-game-october-6,103794440997341534382789059787980576156572806572433414191915133301160062649982,90957948431945022520682901340768805057754365534958455377721519219847086547518,0xc4372f599495f1a186f285dfb7603878db4bc0b1c93864585c334a95922f9ba8
"Will the announcers say ""Penalty"" or ""Flag"" 30+ times during Chiefs vs Jaguars game? (October 6)",Yes,No,0.5800000000000001,5,2.5,2.5,2.5,2.5,18.89,0.13,20,0.0,0.0,0.0,0.0,2.45,8.22,8.22,0.06,0.64,0.35,4.5,0.01,False,will-the-announcers-say-penalty-or-flag-30-times-during-chiefs-vs-jaguars-game-october-6-674,114517540351476425055200467408166689876025096321185772915949626392398635837554,104901461643977975535846109066571070294193379037713962656058200134025236417942,0xc705c35888fa92126da1c961c5667e4ec49cd63f163b292c9bedda24eb5d8e2f
Will PH win the most seats in the 2026 Colombian Senate election?,Yes,No,0.07,5,2.5,2.5,2.5,2.5,14.77,0.17,200,0.0,0.0,0.0,0.0,0.0,6.01,9.44,0.43,0.5,0.46,3.5,0.01,True,will-ph-win-the-most-seats-in-the-2026-colombian-senate-election,83252879632501781859698316188750341021075091060078102880613132675338807677948,38060584959388639802358891543286770196789235602698756836569147945257589436738,0x45331137178e0a1b0c00d3ed3a07b4e04bed7232855f8c6c5539007f9ebeaecd
"Will the announcers say ""Boo"" during Chiefs vs Jaguars game? (October 6)",Yes,No,0.5800000000000001,5,2.5,2.5,2.5,2.5,14.75,0.17,20,0.0,0.0,0.0,0.0,1.41,6.67,6.67,0.06,0.64,0.35,4.5,0.01,False,will-the-announcers-say-boo-during-chiefs-vs-jaguars-game-october-6,79387084392867975024949952326277092589897317652120745124073542689988235103952,56799350061981270900459449311565553813736324366049550114609171065715451640971,0xd2e7a17633536254425d9adc1b2d3c3bf1036eb1f973bb97272d99dc88b4b327
Netanyahu out by end of 2026?,Yes,No,0.07000000000000006,5,2.5,2.5,2.5,2.5,6.75,0.37,200,8.93,9.87,7.16,5.37,3.81,1.7,1.04,0.48,0.55,0.52,3.5,0.01,False,netanyahu-out-before-2027,114694726451307654528948558967898493662917070661203465131156925998487819889437,66255671088804707681511323064315150986307471908131081808279119719218775249892,0xd1796c09d0d6f876f8580086ae9808ec991784e3a74b25a1830a25de71a78c96
Will Trump sell 0 Gold Cards in 2025?,Yes,No,0.030000000000000027,10,2.23,2.24,2.29,2.18,11.59,0.19,100,7.55,5.47,4.45,3.19,2.27,3.44,5.99,0.63,0.66,0.64,3.5,0.01,True,will-trump-sell-0-gold-cards-in-2025,95197758690536781344967069481835822467121525130144169973322994558549635662278,109515911432648770277285602531582027307775296360446797986775280879694624466477,0x777c48a36a064675a0a95112c12f54cda0b1caf9a64f7450fde31a8a8212af5a
Will Michael B. Jordan be nominated for Best Actor at the 98th Academy Awards?,Yes,No,0.16000000000000003,4,2.0,2.0,2.0,2.0,10.15,0.2,100,0.0,11.37,8.14,5.8,4.11,1.56,4.48,0.69,0.85,0.76,4.5,0.01,False,will-michael-b-jordan-be-nominated-for-best-actor-at-the-98th-academy-awards,58833268991499526632201672003897796158554021477987418868843229130495678128765,80195769281671292496605667107826672350244938259276871340928788781974197161355,0x56b6ea1e2601b232df67cb8adf6400e1c017a0e2f5896c696b76a5a2a94d18fd
"Will Taylor Swift say ""Sabrina"" or ""Carpenter"" during Tonight Show on October 6?",Yes,No,0.06000000000000005,5,1.84,1.84,1.78,1.9,19.98,0.09,20,11.74,13.21,9.9,9.13,7.54,6.22,6.22,0.71,0.77,0.74,4.5,0.01,False,will-taylor-swift-say-sabrina-or-carpenter-during-tonight-show-on-october-6,13964245805571988474201977359790836100659848444267068525599996758612439494557,80283556917957209274316052261608567571046007843284386382335227515334012502354,0xf810f1f1d1ab5a03dfff3a7fbc83513b5258f505f1a35d91c2a902b4f43347a7
Yieldbasis FDV above $500M one day after launch?,Yes,No,0.020000000000000018,10,1.65,1.65,1.72,1.58,18.159999999999997,0.09,100,2.41,1.46,1.47,1.05,1.76,8.2,8.2,0.94,0.96,0.95,3.5,0.01,False,yieldbasis-fdv-above-500m-one-day-after-launch,89929638197244185373379732329638083128952034760604027997452658821971009933463,96752156503742958477338015551395572650101687476076494354544425462657040016069,0x35356aa62c062ec140a22760ff9aeb7a2d7079fa8aa5805319ad9579ad52e3b7
Will Delta Air Lines (DAL) beat quarterly earnings?,Yes,No,0.029999999999999916,10,1.57,1.6,1.34,1.85,17.580000000000002,0.09,200,0.0,1.68,3.41,5.92,4.2,5.4,7.98,0.8,0.83,0.82,3.5,0.01,False,dal-quarterly-earnings-nongaap-eps-2025-10-09-1pt52,80065717401962378679510621072775912147194629802976638407532933107238550767601,12978163259469013400784985517624043911322058196259556942456526848315450005146,0xca3f4b688bce03a24747d339ff30aa2cf45fff9addfd43ea11e1f20689ae091b
Will Omnicom Group (OMC) beat quarterly earnings?,Yes,No,0.030000000000000027,10,1.55,1.57,1.8,1.34,7.1899999999999995,0.22,200,0.0,0.0,0.0,0.0,2.21,1.93,3.05,0.85,0.88,0.86,3.5,0.01,False,omc-quarterly-earnings-nongaap-eps-2025-10-14-2pt17,114934263313722638572792825747263771516608632964078337497582141979190117883037,52514440330182880925602822692350868751896570248708953479976051297002658811620,0xf6e24791df46f2dfb069dd01e3031db44976f8c9ea91960691a3b6649dfcacfe
Will Domino’s Pizza (DPZ) beat quarterly earnings?,Yes,No,0.039999999999999925,10,1.54,1.54,1.58,1.51,16.59,0.09,200,5.06,5.13,3.98,3.32,3.87,4.04,8.68,0.79,0.83,0.81,3.5,0.01,False,dpz-quarterly-earnings-gaap-eps-2025-10-14-3pt96,114014167971110546400912450020455187248962614853235253034093809206183048605634,11855629346278560933303097996186816238636465329561152493172559168463166738003,0xb4fc7085019ffdf2c9c0c70581d16340c4e99b85d091dfbec32340c81785eb62
Will MGM Resorts receive a license for MGM Empire City casino in Yonkers?,Yes,No,0.5,3,1.5,1.5,1.5,1.5,18.72,0.08,20,0.0,0.0,0.0,3.56,2.52,6.37,13.85,0.36,0.86,0.61,3.5,0.01,False,will-mgm-resorts-receive-a-license-for-mgm-empire-city-casino-in-yonkers,104419542600522155604302158854417459867300800302138205592392551948429238920677,54854217224294294538060570686360264450624381004792683922618866359962190740440,0x7f3aebd48546cb388966f09ad8fccbe51c6c4641276ee56351325f0ce8100656
Will Chase Infiniti be nominated for Best Supporting Actress at the 98th Academy Awards?,Yes,No,0.07999999999999996,3,1.5,1.5,1.5,1.5,4.92,0.3,50,0.0,0.0,0.0,0.0,0.0,2.46,2.46,0.4,0.48,0.44,4.5,0.01,False,will-chase-infiniti-be-nominated-for-best-supporting-actress-at-the-98th-academy-awards,61501418198218591815311956428341135545693570155687850419489493522032157026207,81607544791802319183646767912471759429281196266423912675060271780484071474515,0xdb042644dcc644db364674d39fde65db3b8db3681c94614619836bab52395e95
Will Luke Combs release an album in 2025?,Yes,No,0.84,3,1.5,1.5,1.5,1.5,2.48,0.6,20,0.0,0.0,0.0,0.0,0.0,1.18,28.48,0.03,0.87,0.45,4.5,0.01,False,will-luke-combs-release-an-album-in-2025,42865701953395006850398083716037220076106210178097847859916239819254896518944,93993300788031461430672243853103706159527816557043913364088062094761802967592,0xdd75d46f769f749e1ecb30055e9f04798c3aadadfe0071d6fba8274daa85b83c
Will Inga Ibsdotter Lilleaas be nominated for Best Supporting Actress at the 98th Academy Awards?,Yes,No,0.08000000000000007,3,1.5,1.5,1.5,1.5,0.76,1.97,50,0.0,0.0,0.0,0.0,0.0,0.38,0.38,0.47,0.55,0.51,4.5,0.01,False,will-inga-ibsdotter-lilleaas-be-nominated-for-best-supporting-actress-at-the-98th-academy-awards,99557827045524807467234791605481269002910346793758641908665692805984114950949,36873990491685061697797429373815875133688566397124746516954174552245605222407,0x2f470d4f9b647ad6b2bfd12e75174a478aeeda94a2158037a8cc331a2b7fa81b
Will Gwyneth Paltrow be nominated for Best Supporting Actress at the 98th Academy Awards?,Yes,No,0.07999999999999996,3,1.5,1.5,1.5,1.5,6.38,0.24,50,0.0,0.0,0.0,0.0,0.0,3.19,3.19,0.55,0.63,0.59,4.5,0.01,False,will-gwyneth-paltrow-be-nominated-for-best-supporting-actress-at-the-98th-academy-awards,25389825768050788418005043546596743510617314284551119971004055432307771959696,18286225682478679540460515688695438467965582764277500039370586220024691447457,0x1c37fbdf6b73ef0f9ee14a13f9655ab20fe1bb41032b16e5e781b36eb2f07e48
Will Kinder Morgan (KMI) beat quarterly earnings?,Yes,No,0.020000000000000018,10,1.4,1.44,1.14,1.73,7.02,0.2,200,0.0,0.0,0.0,0.0,0.92,2.57,3.53,0.54,0.56,0.55,3.5,0.01,False,kmi-quarterly-earnings-nongaap-eps-2025-10-15-0pt3,97877578844157344112106218331762203274572805029427285769672763914334155072636,72438903765394400323655450722203173453114918140207474924743517540140370004024,0x7666dbf2728c1ccf5ab7590cd04b6b8ffc8a682425ab27a393e4b3ec1aadb16d
Will 2 Fed rate cuts happen in 2025?,Yes,No,0.03,10,1.35,1.36,1.41,1.3,8.690000000000001,0.16,200,0.0,0.0,0.0,0.0,0.0,4.37,5.46,0.19,0.22,0.2,3.5,0.01,True,will-2-fed-rate-cuts-happen-in-2025,11661882248425579028730127122226588074844109517532906275870117904036267401870,61032109452954507190234229613640921045186796600337553837681909605067067778814,0x05af636e0989accb08334a74f69e5368e0aa28fe498fd16a3ca991e6dc5ae2cc
Will McCormick & Company (MKC) beat quarterly earnings?,Yes,No,0.030000000000000027,10,1.34,1.35,1.32,1.37,11.97,0.11,200,0.0,3.77,4.05,2.99,4.59,2.9,4.48,0.86,0.89,0.88,3.5,0.01,False,mkc-quarterly-earnings-nongaap-eps-2025-10-07-0pt82,86125930463400246589214585632565367414382590473120979969854388596554989114767,41454242836495486379120058060713922128900238414495923988718537691249282024228,0x1d3dfd3ff61891cb3e0bf490e0c4156966c84ecff10a1cc375a25cc4475ce33d
Will Stokes Twins' next video get less than 15 million views on week 1?,Yes,No,0.07,3,1.33,1.33,1.33,1.33,18.32,0.07,20,0.0,0.0,0.0,0.0,0.0,0.0,18.32,0.13,0.2,0.16,4.5,0.01,False,will-stokes-twins-next-video-get-less-than-15-million-views-on-week-1,71162873270743067382517114467301228785942360666574324267103415726414428393898,1287380473239487347874566358257947488337619946420795024968670850774600185036,0x104b690b6afd3ea13202a039ca83be72754a22f43ad6d7c05823cd59fed6d8dd
"Will Trump say ""Ass"" in October?",Yes,No,0.07,5,1.32,1.33,1.29,1.36,19.830000000000002,0.07,20,0.0,8.18,6.11,5.09,6.61,6.61,6.61,0.46,0.53,0.5,5.5,0.01,False,will-trump-say-ass-in-october,87548050061384155244195240682316451872906971195536866257588055335522767218056,64057217410789683500351714476724845109604402990596920108121157356009340853918,0xfe5bc8a72e3f67dc0a0cf7e72367f474778393c1b305194d10952b3108574627
"Will Taylor Swift say ""Tour"" 2+ times during Tonight Show on October 6?",Yes,No,0.040000000000000036,5,1.29,1.29,1.24,1.34,18.25,0.07,20,7.58,8.98,7.15,7.51,5.53,6.36,6.36,0.82,0.86,0.85,4.5,0.01,False,will-taylor-swift-say-tour-2-times-during-tonight-show-on-october-6,10563540315082405339393796453885323739091178191729976917899264901782306652773,48130457019432542280493255096927876409219507740060391035747547419040216470973,0xc684ceeccdbd33f64148c839f62623c957c12868c05dac0418c94c3b1b4b2c91
Will 3 Fed rate cuts happen in 2025?,Yes,No,0.020000000000000018,10,1.28,1.37,1.86,0.88,7.299999999999999,0.18,200,0.0,0.0,0.0,0.0,1.51,2.76,4.47,0.65,0.67,0.66,3.5,0.01,True,will-3-fed-rate-cuts-happen-in-2025,17601770442239563289082275181138749951422899442850916335476881677007065139739,39979393291433838641824861631885750592113619894259619599511650636783179688654,0x6df2f2ca434b5bacaef33d6b24edf42845199f4f794e66580de2d2c880a25275
Will the EU impose new tariffs on US goods in 2025?,Yes,No,0.010000000000000009,5,1.24,1.25,1.04,1.47,19.36,0.06,100,11.11,12.31,11.79,9.03,6.62,5.05,10.35,0.42,0.43,0.42,3.5,0.01,False,will-the-eu-impose-new-tariffs-on-us-goods-in-2025,25811727168920417540859933508843969881988444197416629691450770208217893492235,12665811864406166211424344381014710256231583684981235122686649907092691165428,0xcf8f5f0cb770c56eba2d5c86500c4589b9177f41eee944dc8c231d1f8384e946
Will Wells Fargo (WFC) beat quarterly earnings?,Yes,No,0.040000000000000036,10,1.23,1.24,1.08,1.4,9.93,0.12,200,0.0,0.0,0.0,0.0,1.37,2.71,5.85,0.87,0.91,0.89,3.5,0.01,False,wfc-quarterly-earnings-gaap-eps-2025-10-14-1pt53,104392027147118759854225063915560484597219533136200865422241081253138245897764,11499076491863077331795997379596417341377206514943240387137930575913511649606,0x3abde55383b9a88c77ad2c6f51ffa96631c40a56134d117901e690d667daf5d4
Will Trump endorse Andy Barr for KY-Sen by Nov 2 2026 ET?,Yes,No,0.98,3,1.21,1.23,1.5,0.97,2.39,0.51,20,0.0,0.0,0.0,0.0,0.0,0.0,10.99,0.0,0.98,0.49,4.5,0.01,False,will-trump-endorse-andy-barr-for-ky-sen-by-nov-2-2026-et,56353573399798239567088779721723746685332981690056119272051298954224265433225,57448351929574720999295657727652470031550552363375922459464967648903666280497,0xa0a09621f21f3d8ed7c88913f781a6e6a923dc4ad56cf7c80e1b900b058d5d56
Will Interactive Brokers Group (IBKR) beat quarterly earnings?,Yes,No,0.039999999999999925,10,1.21,1.21,1.16,1.26,11.18,0.11,200,0.0,0.0,0.0,0.84,1.35,2.66,7.17,0.81,0.85,0.83,3.5,0.01,False,ibkr-quarterly-earnings-nongaap-eps-2025-10-14-0pt51,3086502392806172150230111536706608136392491549973390323894382088053539239682,52302383856747920566234911756986514064780749383896677554879143154899663971639,0x1d3a78376b50e04fdc49fb0318f01bac1ae45fc41217718df5dfc32e985ce839
Will Russia capture Lyman in 2025,Yes,No,0.01999999999999999,5,1.18,1.18,1.18,1.18,15.41,0.08,100,10.59,6.43,4.61,4.5,5.96,4.66,4.81,0.2,0.22,0.21,3.5,0.01,False,will-russia-capture-lyman-in-2025,69413471342025853123539970827210554097320981860401606713566428969527133746868,108662180836096023200649332326312291786738398259399377032805209176936114960782,0x69b009591dd768c3878e2ff9b28b8661e039409ea2f156ad70aa5224c08702e0
Will annual inflation increase by 3.0% in September?,Yes,No,0.020000000000000018,10,1.16,1.2,0.89,1.51,10.82,0.11,50,0.0,0.0,2.57,1.83,1.81,4.67,5.5,0.37,0.39,0.38,3.5,0.01,True,will-annual-inflation-increase-by-3pt0-in-september-716,2449399617916518755567019362770113894342348527591317624414064952876450975466,10764038571743358406864718174045753447668589210619645441584487501193969348829,0x7a8808061765dafbc64c84872298121659a7835b4ba720dd8517d8b8eaceccd5
Will Trump endorse Ken Paxton for TX-Sen by Nov 2 2026 ET?,Yes,No,0.99,3,1.15,1.19,1.5,0.88,17.94,0.06,20,0.0,0.0,0.0,0.0,0.0,7.98,12.95,0.0,0.99,0.5,4.5,0.01,False,will-trump-endorse-ken-paxton-for-tx-sen-by-nov-2-2026-et,42727291944160720338673894242995707537338205213244876362644541975364071559864,21980908973776062986233298427834244010199064264337740356970076257763794675305,0x6fb1af1cc7caa3b4479fa9a22ba149499795e99f39f807a5272cdbf89acba3b6
Will Ariana Grande be nominated for Best Supporting Actress at the 98th Academy Awards?,Yes,No,0.07000000000000006,3,1.12,1.12,1.15,1.1,16.13,0.07,50,0.0,0.0,0.0,0.0,0.95,7.59,7.59,0.71,0.78,0.74,4.5,0.01,False,will-ariana-grande-be-nominated-for-best-supporting-actress-at-the-98th-academy-awards,18792193210031075674192360583436845524168917846849101256171763589651097460581,19590103065898273513166152328106417945096487318911913401857753273195334263606,0xa51024a8fc7a4d7dfcce9e1266b853dde26cb319dc35bd132b57cd5b29388f43
Will Citigroup (C) beat quarterly earnings?,Yes,No,0.019999999999999907,10,1.12,1.12,1.0,1.25,13.8,0.08,200,0.0,0.0,2.14,1.52,3.46,2.29,8.05,0.8,0.82,0.81,3.5,0.01,False,c-quarterly-earnings-gaap-eps-2025-10-14-1pt90,87891854912791817801789653331868164961282387037158328103224881970551475314887,11715627545555345367701326428297368829051348769788631340201587491827281053527,0x84a695aa8e816e99fe1c400b0fceed1c2ec2fc16ac0a674cf8b048e58f11dcff
No change in Fed interest rates after December 2025 meeting?,Yes,No,0.009999999999999981,20,1.12,1.42,0.55,2.3,13.639999999999999,0.08,200,0.0,0.0,0.0,3.44,3.46,5.33,5.27,0.2,0.21,0.2,3.5,0.01,True,no-change-in-fed-interest-rates-after-december-2025-meeting,80746058984644290629624903019922696017323803605256698757445938534814122585786,85970682092909806158465981896969493051954703765750954325716965011253694472992,0x58f4542341fcc66a2197877b7487ebe901b689ec42bcdbb0a070f5536d91459e
Will Russia capture Myrnohard by December 31?,Yes,No,0.009999999999999953,5,1.11,1.14,0.88,1.41,6.88,0.16,100,0.0,4.96,3.51,2.48,1.75,2.5,4.24,0.4,0.41,0.4,4.5,0.01,False,will-russia-capture-myrnohard-by-december-31,35857656445535677338843466086529596270195685015900614340860700334074317017139,13972099007093945639289066975118952446928598912948776998483907198659692541222,0x5b627c7b2f82ea92dfb69650a87724664ad771d33ff838c11907efa71c5a4d61
Cap on gambling loss deductions repealed in 2025?,Yes,No,0.01999999999999999,5,1.11,1.12,0.98,1.26,14.810000000000002,0.07,200,0.0,0.0,0.0,4.55,4.58,5.86,5.17,0.14,0.16,0.15,3.5,0.01,False,will-the-cap-on-gambling-loss-deductions-be-repealed-in-2025,7659113957645435331793395348651019347992140060112549913674526827882486277159,18040010904167376339496812068017422806475068519215905180119682388342307100503,0x7ddbf4c4ff0b3fdfe7e3230a4607d0485f3b12082f99f9ab1e7c48b8c8e729b1
Nothing Ever Happens: Taylor Swift Edition,Yes,No,0.010000000000000009,20,1.08,1.08,0.99,1.17,8.15,0.13,100,0.0,0.0,0.0,0.0,0.8,3.06,4.29,0.88,0.89,0.88,3.5,0.01,False,nothing-ever-happens-taylor-swift-edition,10604673930045595096656578465398178225797778578464695493215316910489435389441,113497775872641973077749304955090816033973307423779319550893202026919068612225,0xc60ea27c2acb3ce6ed052f628e8c12d315d8bb3a2e1e1d5f248e255e1b7ecccb
Will Catalin Drula be the next Mayor of Bucharest?,Yes,No,0.02999999999999997,5,1.08,1.09,1.24,0.94,18.65,0.06,200,8.81,5.08,3.59,2.54,6.93,6.16,5.22,0.38,0.41,0.4,3.5,0.01,True,will-catalin-drula-be-the-next-mayor-of-bucharest-743,64642655948358223575571547425018249231349946777377000631442573122880572365370,68300947085321673218644655338874564095460490165070562600317355618038877356246,0xef5880e94212f24f17d45b756c9aa42bc7d39c3feda659fc22417adae5e22d00
Will monthly inflation increase by 0.4% in September?,Yes,No,0.020000000000000018,5,1.07,1.08,0.93,1.24,12.989999999999998,0.08,50,19.81,12.02,8.62,6.13,4.8,4.58,13.17,0.43,0.45,0.44,3.5,0.01,True,will-monthly-inflation-increase-by-0pt4-in-september,96906636001390377620769170581304896470237936060006554313940713807344339868942,90222450216195922042773333858179632746973646014913313731065779633102127953162,0x4e3d2a7b876818e57529f8bbb47df745104905eee1853ba38594c86d4ec3d6f8
Will Vicky Dávila win the 2026 Colombian presidential election?,Yes,No,0.01999999999999999,5,1.04,1.04,1.11,0.97,11.64,0.09,200,0.0,0.0,0.0,0.0,0.0,4.92,7.78,0.13,0.15,0.14,3.5,0.01,True,will-vicky-dvila-win-the-2026-colombian-presidential-election,111233749945390693132335511891715724694881884819987764738034083584495542889312,96773893512589764869155803687774017846749249748001852862755144389935842815761,0x849a3e762977a9ad6b8e5f449ac7c8abb2756409a1b55759e00262e072bd81a7
Will Google have the top AI model on December 31?,Yes,No,0.010000000000000009,10,1.03,1.04,0.95,1.12,12.36,0.08,100,0.0,0.0,0.0,0.0,3.79,4.17,3.85,0.71,0.72,0.72,3.5,0.01,True,which-company-has-best-ai-model-end-of-2025,95439201103958291841222373625424698303339849105476314992984252617398188905150,56700920570772611352447671072645661081247297678677316893421987058530396786756,0x7d98815be880769be11a63b4df815b9bdcbf6ae007a8caaba9a2909816a8d1c6
Will Citizens Financial Group (CFG) beat quarterly earnings?,Yes,No,0.030000000000000027,10,1.02,1.02,1.01,1.03,6.9399999999999995,0.15,200,0.0,0.0,0.0,0.0,1.41,1.98,3.55,0.7,0.73,0.72,3.5,0.01,False,cfg-quarterly-earnings-gaap-eps-2025-10-15-1pt03,91735190118803244080395327296080735601729778010606404810930585267661554274710,75640699930105559798490063643622739887141814567001897321916253282098701559537,0x46396867efc69c36b9ece504df9b8f9716658e30a0890920ed355b1ca681d9c0
Will Henrique Gouveia e Melo win the 2026 Portugal presidential election?,Yes,No,0.06999999999999995,2,1.0,1.0,1.0,1.0,14.920000000000002,0.07,200,10.58,9.02,6.4,10.1,7.61,3.24,3.06,0.5,0.57,0.53,3.5,0.01,True,will-henrique-gouveia-e-melo-win-the-2026-portugal-presidential-election,107252287464378185480339300277791815889919330201891674919771186169934663184025,108290077635041993245111833080106297350242002571244675087631982922823879559265,0x2b1e18ef56cb7222ce2fb03d6cd9fb8fcca06d80b64d0dacbe6ce2f00ab31d00
Will Trump act to ban mail-in voting or voting machines in 2025?,Yes,No,0.13000000000000006,2,1.0,1.0,1.0,1.0,17.58,0.06,50,0.0,0.0,4.56,4.32,5.05,5.85,6.72,0.42,0.55,0.48,3.5,0.01,False,will-any-state-eliminate-mail-in-votingvoting-machines-in-the-2026-midterm-elections,36402825643734985192182062220999931812798335636627484593159901844323552047873,99169259142827875380235544173341800146406456123309664843978496187972710234949,0xfa17c197e8330096bf3ab871559ed69cb6940bf4a46174579e5d2c1f8faae1f1
Democrats 66 (D66) win 10% or more of votes in Netherlands election?,Yes,No,0.13999999999999996,2,1.0,1.0,1.0,1.0,19.23,0.05,100,0.0,0.0,0.0,0.0,1.75,9.88,6.35,0.34,0.48,0.41,3.5,0.01,False,democrats-66-d66-win-10-or-more-of-votes-in-netherlands-election,29588216507131927967811529093785578338038226204194227956888362112827164829353,59509621793004941913108907899736520337067877103203001076901109802939925640491,0x1a7d40a55ae60c5dd65ed758dcb503074916132eba2f93a701d25ab999a7a370
Hemedti out of power by December 31?,Yes,No,0.2,2,1.0,1.0,1.0,1.0,14.190000000000001,0.07,100,0.0,0.0,0.0,0.0,0.0,8.31,4.04,0.02,0.22,0.12,3.5,0.01,False,hemedti-out-of-power-by-december-31,103458226303280722924843281313615169972822669437249135228944434625651533742864,106825977772206555562281422047304165302673381070861864754499925537048166264105,0xb013e2a61c4087e2d86339ebc0eb424bed22744f1b1dbafe7f504fcbfe114ef1
Will ChatGPT reach 1b monthly active users in 2025?,Yes,No,0.12,2,1.0,1.0,1.0,1.0,15.95,0.06,100,0.0,0.0,0.0,3.9,4.25,6.7,4.06,0.7,0.82,0.76,3.5,0.01,False,will-chatgpt-reach-1b-monthly-active-users-in-2025,19724938132900659619443303883363154128982414713091172918359422655348707557438,62907314912118087699661719206562481543461052713772006191162016161787657954324,0x677c19032d9fc09658a4b05826e3efd656d725394bc2f5a4ea4b2c4e41a2077a
Will Bernie endorse Kshama Sawant for WA-09 by Nov 2 2026 ET?,Yes,No,0.96,2,1.0,1.0,1.0,1.0,0.0,N/A,20,0.0,0.0,0.0,0.0,0.0,0.0,1.92,0.02,0.98,0.5,4.5,0.01,False,will-bernie-endorse-kshama-sawant-for-wa-09-by-nov-2-2026-et,82924591030419390649945107956366329459342453014204495918712243498287775914589,71441578579527723840294651825922843760099816515895816768244443656762671705984,0xb44fe13de8e6e3f0e1232613dd9a79f0a898672a41d608a9cd57e340ba6e9185
"Will Powell say ""Dissent"" during October press conference?",Yes,No,0.09999999999999998,2,1.0,1.0,1.0,1.0,6.8,0.15,50,0.0,0.0,0.0,0.0,1.15,2.15,5.64,0.38,0.48,0.43,4.5,0.01,False,will-powell-say-dissent-during-october-press-conference-998,21765151547621246893094633100112176066980848040456116455172695121162672710247,61252099750489004642724577392545504797014450577050970453246720563138026620958,0x45a79938ebb9277e22d8159425e7bd0f3afac955ed58963289b2f4d55a61cdd6
Will Bernie endorse James Talarico for TX-Sen by Nov 2 2026 ET?,Yes,No,0.97,2,1.0,1.0,1.0,1.0,0.94,1.06,20,0.0,0.0,0.0,0.0,0.0,0.0,2.87,0.01,0.98,0.5,4.5,0.01,False,will-bernie-endorse-james-talarico-for-tx-sen-by-nov-2-2026-et,7096166888327966243811396544854606771946352128513885963401994819079689910004,46602177860594371790368647304895927569955807454104515886440302763404709997663,0x136a2773866c2d841b00652b7d99b026409c9a55db769c525ed450e04c653f23
Will Avatar 3 be the third highest grossing movie of 2025?,Yes,No,0.17,2,1.0,1.0,1.0,1.0,3.59,0.28,100,0.0,0.0,0.0,0.0,0.0,0.0,16.38,0.16,0.33,0.24,3.5,0.01,True,will-avatar-3-be-the-third-highest-grossing-movie-of-2025,96062696419590247920302705369858832936120009199256653725817251459166557063389,32003834308593936203007980612939878018131386904059243468205242304090753067871,0xeacf5d2ce68648a88e7c57a4f0b87e1a645eb28c09b03df1a1d056f657717de6
Will Lilo and Stitch be the third highest grossing movie of 2025?,Yes,No,0.14,2,1.0,1.0,1.0,1.0,6.2,0.16,100,0.0,0.0,0.0,0.0,0.0,1.38,10.71,0.13,0.27,0.2,3.5,0.01,True,will-lilo-and-stitch-be-the-third-highest-grossing-movie-of-2025,9369696424691323359214332880212190223095795228471762874482032664282876123787,37495826512874541189296887696377651088636416019039699870250329700954270931630,0x41be4d49b9a6b920e472eab7d340985d9253082a6ed0f3dac7f99f1f4d8e59b0
Will Amanda Edwards win TX-18 Special Election?,Yes,No,0.15000000000000002,2,1.0,1.0,1.0,1.0,4.84,0.21,100,0.0,0.0,0.0,0.0,0.0,2.33,8.0,0.3,0.45,0.38,3.5,0.01,True,will-amanda-edwards-win-tx-18-special-election,40254106575472061941375290040006576761421521228516905144674261800051321707482,44440935186939022539404219493934689092553157650407042871781503732943077460933,0x30054813e3042a136c7425521dcff77de0f373eb90115a18a1572385600789cb
Will Michael Anton be next National Security Advisor?,Yes,No,0.53,2,1.0,1.0,1.0,1.0,5.63,0.18,50,0.0,0.0,0.0,0.0,0.0,2.84,3.08,0.3,0.83,0.56,3.5,0.01,True,will-michael-anton-be-next-national-security-advisor,80996699864334753144899045738019262604710009463159137649840514103044000634169,28449799465681245123215628142903869628619285791867040064499382059567385485539,0x44e36c8f478a73de15fd34f05987575e52b5d76e268b9a454f44eebe21bfafd8
Brazil’s 12-month inflation below 5.50% for December 2025?,Yes,No,0.10000000000000009,2,1.0,1.0,1.0,1.0,5.41,0.18,50,5.23,3.18,2.28,1.62,1.73,2.07,1.98,0.83,0.93,0.88,3.5,0.01,False,brazils-12-month-inflation-below-5pt50-for-december-2025,106306316630509650057995374891685252319938872421261864514225685401839433488911,48075209557370896983851038562460854639186286469417510882937568810006919132764,0x52bcacee91873a53b46d49231b04329b013d6ff38a82b9ac788d96bc907a8f1e
Ahmed al-Sharaa out as leader of Syria in 2025?,Yes,No,0.010000000000000009,5,1.0,1.02,0.82,1.22,11.32,0.09,200,0.0,0.0,0.0,0.0,0.0,5.46,5.48,0.06,0.07,0.06,3.5,0.01,False,ahmed-al-sharaa-out-as-leader-of-syria-in-2025,60846532742995206012715712642905158593222894421531671840902324906707341086818,94729577076072005098195154177323089414318510754301895147657594308582307944814,0x056f58e7b2c247281c3a4aaa1b3ed4d42490adc1bdf8bc97e1e475cf0a3bd8b6
Will Pope Leo XIV meet with Recep Tayyip Erdoğan in 2025?,Yes,No,0.17000000000000004,2,1.0,1.0,1.0,1.0,5.1899999999999995,0.19,20,0.0,0.0,1.74,1.23,0.87,1.65,4.78,0.73,0.9,0.82,3.5,0.01,False,will-pope-leo-xiv-meet-with-recep-tayyip-erdoan-in-2025,11090895268281215596623851746377280303962618726098535358884341816664039488376,64617449157695777105981990004010517425950396446133449909732826856514166198937,0x97f7ac6f9488a6c3470e8d0305bbde37f76692a78374cbef803946bdeac07e48
Israel x Syria security agreement by December 31?,Yes,No,0.08000000000000007,2,1.0,1.0,1.0,1.0,10.370000000000001,0.1,100,0.0,0.0,0.0,2.17,1.54,4.45,7.37,0.6,0.68,0.64,3.5,0.01,False,israel-x-syria-security-agreement-by-december-31-629,69937757404837539134847827869630253190194635826279524305298284080303291099350,40915545402572104319063078951154341685055505136251370847266444891978789198800,0x73ff55c4c2da731dde5706777b69d21a08f8f9b682e8a11e864be6fc6cf4a87c
Will A$AP Rocky release an album in 2025?,Yes,No,0.74,2,1.0,1.0,1.0,1.0,6.91,0.14,50,0.0,0.0,0.0,0.0,0.0,2.67,10.35,0.02,0.76,0.39,3.5,0.01,False,will-aap-rocky-release-an-album-in-2025,14740864434834792617302313577513667690001999408113578436454619377320373643369,100570241033727904879956082438689263916722533424191903436976890130268984851361,0xd3402431c7265e4c7ce0e81e4b1222844fc38572f54555e8c167917b8f520b4b
Will Iran withdraw from the NPT in 2025?,Yes,No,0.010000000000000009,5,0.99,1.0,1.16,0.85,10.3,0.1,100,0.0,0.0,0.0,0.0,0.0,2.92,12.0,0.12,0.13,0.12,3.5,0.01,False,will-iran-withdraw-from-the-npt-in-2025,26010526170539272390664504795029187224630250840515621569643073212711329638501,55346615837083354459105784324981801541770633815926083767589010508213026795971,0xadf2f67d77b8d52e0a04a797521f7a24be1bb79e91fa7eede417ec0ff79208c9
Will Abbott Laboratories (ABT) beat quarterly earnings?,Yes,No,0.020000000000000018,10,0.98,0.99,0.89,1.08,8.370000000000001,0.12,200,0.0,0.0,1.16,0.82,0.59,3.98,3.8,0.84,0.86,0.85,3.5,0.01,False,abt-quarterly-earnings-nongaap-eps-2025-10-15-1pt30,47270771787744966653936831905158750081672310806861320596855213870700144844034,75836659378362490075179457411454812292373357534961472052245978502479586215897,0x3df6317f9955a852b02f1fd386c91ea67cf793360acbca25629b226393ddf497
"U.S. agrees to a new trade deal with ""European Union""?",Yes,No,0.010000000000000009,5,0.97,0.98,0.82,1.14,3.86,0.25,200,0.0,0.0,0.0,0.0,0.0,0.0,7.06,0.06,0.07,0.06,3.5,0.01,False,us-agrees-to-a-new-trade-deal-with-european-union,65492287616821734888206674810623561566006459598018731369001386552250476952145,42257992089870024110611769160359175572366367090966731303204976993497303795765,0x661bd338d7caca6d0701360c27d4b43c832eba3856a8006640815273f1257140
Will Mikie Sherrill win by 6-9%?,Yes,No,0.010000000000000009,10,0.97,1.11,1.65,0.57,19.049999999999997,0.05,100,0.0,0.0,0.0,0.0,0.0,5.85,14.75,0.15,0.16,0.16,4.5,0.01,True,will-mikie-sherrill-win-by-6-9,13952964960794063989326274285365197639880883339042305543335886465619908439365,76330147105476954604260881244365226350599167773751172818819161151633661830372,0x69b604e3d43293ee5aedc9fa00c8d8380cb7e5a71ef189503a532f083e2b8081
Will monthly inflation increase by 0.3% in September?,Yes,No,0.020000000000000018,5,0.96,0.97,1.07,0.87,11.629999999999999,0.08,50,0.0,0.0,0.0,0.0,1.96,4.89,10.43,0.25,0.27,0.26,3.5,0.01,True,will-monthly-inflation-increase-by-0pt3-in-september,73889720176226713653112367012574662243838312667803460608042862419975653333210,70402392451635748943174447716887437074709989210140850162024402421191014015873,0xa6e9c3e84b978ac22266b9596c9fe5e6b1a14fce57ef521acfa8bcbf09c46d65
Will monthly inflation increase by 0.5% or more in September?,Yes,No,0.01999999999999999,5,0.94,0.94,0.93,0.95,17.119999999999997,0.05,50,0.0,0.0,0.0,0.0,0.0,9.27,18.01,0.17,0.19,0.18,3.5,0.01,True,will-monthly-inflation-increase-by-0pt5-or-more-in-september,19656467842077411787418897356418409500007940420813386102306727810569846912627,33676107157656843929798333745929733449749045963750835976513571350337786785251,0x6ef075c9da61c78ca84b708fe7f34aa14ec761319324db64dcf788dadf42445e
South Park: JD Vance becomes President?,Yes,No,0.020000000000000018,5,0.92,0.92,0.94,0.91,9.42,0.1,100,0.0,0.0,0.0,0.0,0.0,0.0,9.42,0.12,0.14,0.13,3.5,0.01,False,south-park-jd-vance-become-president,83895630680850992713732937473803139291965398431356741596441806156082080938923,104505015361399436718563888397017619850543262927654135721053526231893091105958,0xb19808f24ff6c93669d7c28c11352bb969c6feae8bc721dfa00bf3c638d41887
Will Sentimental Value win Best Original Screenplay at the 98th Academy Awards?,Yes,No,0.030000000000000027,5,0.91,0.92,1.02,0.81,8.1,0.11,50,0.0,0.0,0.0,0.0,0.0,4.05,4.05,0.42,0.45,0.44,4.5,0.01,True,will-sentimental-value-win-best-original-screenplay-at-the-98th-academy-awards,30476697811633802974247041377294063298426690258762441493799507947314360002930,29722070941586630516953140296816588815769036717737681389688094397211835797057,0x06c4d9758efa3f60130856d5de044d3dded03ffeed7d8d8293d3a1074d483efa
Will Stephen Hawking be named in newly released Epstein files?,Yes,No,0.009999999999999981,5,0.91,0.92,0.82,1.02,13.73,0.07,50,0.0,0.0,0.0,0.0,0.0,7.76,4.85,0.17,0.18,0.18,5.5,0.01,False,will-stephen-hawking-be-named-in-newly-released-epstein-files,19193974280666477589624859892266573883500010098975777243947176478714981192915,111988243883213721315313776748233636108322670435723521385665315421458126328241,0x09a23aa4ec92b93c09f45c55f9f5022b1d14e5f8690651460d4862f1762b0727
Syria strikes Israel by December 31?,Yes,No,0.01999999999999999,5,0.91,0.91,0.83,0.99,5.12,0.18,200,0.0,0.0,0.0,0.0,0.0,3.0,3.45,0.07,0.09,0.08,3.5,0.01,False,syria-strikes-israel-by-december-31,1905749976510990775547212645428605469772961800254132959155347061843868560376,70680284822247582236095242306851514587054922690818006748373364361078484942941,0x191323d36ce7e37b3b260380eb2208bdd37f891b331b98048a80d312bd4dcf5c
Will Hamnet win Best Picture at the 98th Academy Awards?,Yes,No,0.010000000000000009,10,0.9,0.92,0.71,1.14,16.72,0.05,200,0.0,0.0,0.0,0.0,0.0,2.0,14.72,0.18,0.19,0.18,3.5,0.01,True,will-hamnet-win-best-picture-at-the-98th-academy-awards,17781966920345001333694873962725544399622962807536262226327461471000709887625,69810463519685390977705287406030999283280450973077240059184219530164978871715,0xd405c18b0df642e7f06aadf359183cb8208c1ff6b3a3bca3f8206dca2eb9532e
Will Russia capture all of Pokrovsk by December 31?,Yes,No,0.010000000000000009,5,0.89,0.9,0.76,1.05,19.060000000000002,0.05,100,0.0,0.0,0.0,0.0,3.36,6.05,16.12,0.19,0.2,0.2,4.5,0.01,False,will-russia-capture-all-of-pokrovsk-by-december-31,104286524703442709338773198910882873014783902175935172593890170790000032325027,106412784708185785094269962077383627852277462859442983862912330059882753123188,0xab03a5adc30a70d64279a1e894b94665583fcec6ef6d6fcfd2d4687968847ef5
Will North and South Korea engage in direct talks in 2025?,Yes,No,0.010000000000000009,5,0.87,0.89,1.07,0.71,17.32,0.05,50,0.0,0.0,0.0,0.0,0.0,7.08,8.37,0.25,0.26,0.26,3.5,0.01,False,will-north-and-south-korea-engage-in-direct-talks-in-2025,115404865965383586664067510113431399382194679387380227693288819136634327072330,84242495797283362555809133180197951214623312264129155908193180570051758010034,0xea50ad381226afed4f2ab3647a26530d69494966b09c3314c7ef1e5d8f1b7ac9
Will Yoon be sentenced to prison in 2025?,Yes,No,0.01999999999999999,5,0.87,0.9,0.67,1.12,11.82,0.07,100,0.0,0.0,6.0,4.27,3.03,3.58,5.8,0.16,0.18,0.17,3.5,0.01,False,will-yoon-be-sentenced-to-prison-in-2025,16432805935886177971462852162961613428051010272544890398035547420151849975059,53893238631397381727265276236818407733305133733829231919488425405072432726072,0x4bcdc5f24786e4ea5279a4f859d8879cc08b98cfaa2924862947c65db0f010ae
"U.S. agrees to a new trade deal with ""Canada""?",Yes,No,0.020000000000000004,5,0.86,0.86,0.83,0.89,14.93,0.06,50,0.0,0.0,0.0,0.0,5.27,4.68,3.76,0.08,0.1,0.09,3.5,0.01,False,us-agrees-to-a-new-trade-deal-with-canada,87686789199659035990734645216040519787573705636693399875514256836650659126632,32310848727033976455653058267223763714757238322533567736147029940194544526627,0x9143e4e4a449229e3d63711df9ebc06c88993a402cea98cc0542197678250d43
"Will Trump say ""Elon"" or ""Musk"" in October?",Yes,No,0.050000000000000044,5,0.86,0.86,0.82,0.91,14.03,0.06,20,0.0,0.0,0.0,0.0,1.99,6.02,6.02,0.58,0.63,0.6,5.5,0.01,False,will-trump-say-elon-or-musk-in-october,16544194221786867749223915130286979546616564588379577496641177963127786966589,20565742265100586937148762841705688814449574381756050715069880095993581044251,0x7157ebcfaf2627c264252460f1f8ba9d0f6a1659c5bca4f95c5bfc0aaea4a9a2
Will Tarcisio de Frietas qualify for Brazil's presidential runoff?,Yes,No,0.03999999999999998,3,0.85,0.85,0.84,0.86,13.620000000000001,0.06,20,5.49,3.33,2.39,1.7,2.06,4.45,6.83,0.39,0.43,0.41,4.5,0.01,False,will-tarcisio-de-frietas-qualify-for-brazils-presidential-runoff,46016408901619903295207375832539898750164493226855442884509133805980187874445,104364047276779956150815000750759444324012427302824233404469499322904769447374,0xd7391798f941b8fe16773f96397ef3f91a2fc36939bdd50a78776dbf93ddd280
Will Sentimental Value be nominated for Best Picture at the 98th Academy Awards?,Yes,No,0.039999999999999925,4,0.85,0.85,0.8,0.9,6.449999999999999,0.13,100,0.0,0.0,2.42,1.71,1.6,1.03,3.82,0.81,0.85,0.83,4.5,0.01,False,will-sentimental-value-be-nominated-for-best-picture-at-the-98th-academy-awards,106149742858125595877910724719735158217280822726564029409401435703430227508006,108887559920151613305603304414485780131437074485062241577685671863435013234457,0x14ffb89d36dc95c05e22625018556066a3320524d9431cef23216cdc41e192cf
Axiom daily fees above $5M in 2025?,Yes,No,0.03,3,0.83,0.83,0.77,0.89,19.79,0.04,20,0.0,0.0,0.0,0.0,0.0,11.11,17.76,0.06,0.09,0.08,3.5,0.01,False,axiom-daily-fees-above-5m-in-2025,90384929832020259045421126427573639314341234742079145072046112447492441202931,18655785998551807497753456070160517096492365301700851880877417306055668759403,0x3ff1646e6524698918a2a6ae1c10ca17ed44e9ea8bddf51a0c799a73b9b77c10
Will Laura Loomer join Trump administration by December 31?,Yes,No,0.009999999999999995,5,0.83,0.84,0.9,0.77,0.0,N/A,100,0.0,0.0,0.0,0.0,0.0,0.0,2.05,0.07,0.08,0.08,3.5,0.01,False,will-laura-loomer-get-a-job-in-the-white-house-by-december-31,23502446925301923371085949863875114850185441967301695647121691100573381989882,39385435733579774797124658435946212712231472066271156360870630243593842997881,0xcb65953288f5a22b0ef6c191c7bd1b7c8ab3305ede9dc3349d75f54e89f24c1e
Ghislaine Maxwell accuses Trump of being a criminal?,Yes,No,0.020000000000000004,5,0.83,0.84,0.71,0.98,9.420000000000002,0.09,100,0.0,0.0,0.0,0.0,0.0,4.23,6.01,0.03,0.05,0.04,3.5,0.01,False,ghislaine-maxwell-accuses-trump-of-beinf-a-criminal,97863850882660475037186648635473970568497103224241835679832270253808489109778,88196810723672347027564453667698852105319733356104155852271895467147973149080,0x8c5ff0893691891e3db010fc4f6b8999c684af4c2f76a8d2b9aab81f503c819b
Will GroenLinks–PvdA win 26–28 seats in the 2025 Netherlands parliamentary election?,Yes,No,0.03,3,0.83,0.83,0.82,0.84,11.48,0.07,20,0.0,0.0,0.0,0.0,3.72,4.05,5.6,0.17,0.2,0.18,4.5,0.01,True,will-groenlinkspvda-win-2628-seats-in-the-2025-netherlands-parliamentary-election,76333619751006036959961424633088189477639027233569668393502503962299673355946,81665460128294521620190844621085137947924547805949220189962675372101810895698,0x1970582876bd1ec31a3b9ed53b310d4aa19f036f4a6f4d94c72a2aae8851945f
Will Charles Schwab (SCHW) beat quarterly earnings?,Yes,No,0.010000000000000009,10,0.82,0.86,0.62,1.09,6.210000000000001,0.13,200,0.0,0.0,0.0,1.6,1.13,1.61,3.47,0.88,0.89,0.88,3.5,0.01,False,schw-quarterly-earnings-nongaap-eps-2025-10-15-1pt21,112921131931603496509066086857392386168145268344745755553534785982244942665542,54667397405509055447043835824697548004753068232687432404452861413310270153870,0x0f18d1e749bab471b8a4d2201250a067a8e211cf4ecf664b6435ae75c6c50925
"""The Witcher: Season 4"" Rotten Tomatoes score is between 45 and 59?",Yes,No,0.03,3,0.81,0.81,0.77,0.85,18.29,0.04,50,0.0,0.0,0.0,0.0,3.64,8.33,13.48,0.18,0.21,0.2,4.5,0.01,True,the-witcher-season-4-rotten-tomatoes-score-is-between-45-and-59,54994413886865646195088000590205401523779969091456522708781289958065300769958,102661836593359317377186688047959572798493248113500106230462231884990384485523,0x35d608ca0a604159736f122a2f97a141aa6e35920bf1ed4cbb1eeb8684000250
Will Timothée Chalamet win Best Actor at the 98th Academy Awards?,Yes,No,0.020000000000000018,5,0.8,0.8,0.82,0.79,17.83,0.04,100,0.0,0.0,0.0,0.0,0.0,4.48,13.35,0.18,0.2,0.19,4.5,0.01,True,will-timothe-chalamet-win-best-actor-at-the-98th-academy-awards,58685817664292296726620290139440291356982179626401042907081562589316381635900,99816109404712157590087136348402913231668662708612936491417855953287910104738,0xd185f10a7d0f07e733e02a6811fc2930fb7478166107669fe58bd7ba37aa9895
Will Ghislaine Maxwell testify before Congress in 2025?,Yes,No,0.009999999999999995,5,0.79,0.79,0.75,0.83,11.190000000000001,0.07,200,0.0,0.0,0.0,0.0,0.0,5.28,5.12,0.08,0.09,0.08,3.5,0.01,False,will-ghislaine-maxwell-testify-before-congress-in-2025,80327600971470876254751987554033637302533901406995025504851454626929900099368,75791118729303018549785280875659746680470711418780616368674099974066374824548,0x79342e0d3cce6f59378a6a016531546b773490b30ce51700265bc13e6651bd72
Will 'Wicked: For Good' have the second best domestic opening weekend in 2025?,Yes,No,0.03999999999999998,3,0.79,0.79,0.79,0.79,9.85,0.08,100,0.0,0.0,0.0,0.0,0.0,1.25,20.74,0.2,0.24,0.22,3.5,0.01,True,will-wicked-for-good-have-the-second-best-domestic-opening-weekend-in-2025,26752374595803696826612232193344708709483236920004197964193033867062979967908,10878721669546510274752540465632697118413606010167008658509167152152743209135,0x46a79789f6aea363f2c44da26b0318e2e3db036975c5b6140f9463d6a6d3d3b4
House passes Epstein disclosure bill/resolution in 2025?,Yes,No,0.029999999999999916,3,0.78,0.78,0.78,0.79,19.11,0.04,20,0.0,1.99,1.42,1.44,1.46,9.67,10.64,0.68,0.71,0.7,3.5,0.01,False,house-passes-epstein-disclosure-billresolution-in-2025,81408989314316949484774341413026292411007618178432122503101837474290124521299,37598030519374155757002956573794191556797871161365584496490986860288187555403,0x734525c64d1cdbbb45574cf3ef7f2496bf019d80e4d13c4663f054bda1f28ace
Will Morgan Stanley (MS) beat quarterly earnings?,Yes,No,0.020000000000000018,10,0.78,0.78,0.75,0.81,6.46,0.12,200,0.0,0.0,0.0,0.0,0.79,2.53,3.14,0.88,0.9,0.89,3.5,0.01,False,ms-quarterly-earnings-gaap-eps-2025-10-15-2pt06,73979852414597328121644368325312077716209308983714017590151257461799291302804,32716622636376731315976526198880621406797926938869536657374431078635361050113,0x41010e119c211a44503b83370da7be84bd4e3eee48ee4e836b5958125735d62d
Will Elon and DOGE cut 50-100k employees in 2025?,Yes,No,0.010000000000000009,3,0.78,0.78,0.79,0.78,17.740000000000002,0.04,50,0.0,0.0,0.0,0.0,0.0,8.71,30.37,0.12,0.13,0.12,3.5,0.01,True,will-elon-and-doge-cut-50-100k-employees-in-2025,91081203669814582730508486628471496884271692529871883762953864408372920906805,10289833751754937308043267208111186597860591500522056283976598897817778774301,0xb331efeaaff0f0ce986b071bd212ecfa121298427f98e61d22296c4db9d61b50
Opensea FDV above $1B one day after launch?,Yes,No,0.030000000000000027,5,0.77,0.78,0.95,0.62,15.54,0.05,50,0.0,0.0,0.0,0.0,0.0,7.77,7.77,0.87,0.9,0.88,3.5,0.01,False,opensea-fdv-above-1b-one-day-after-launch,55736535775539231856682158017890031261644294952589300517957218393676136917293,71718402031669298364238907670733752499185585238670546354636156779359681992646,0xe67c947bf8eeb8dffdeea19806cf266fe65f6d20f3e5bbf5135e11e544fe9b7f
Will CDA win 28 or more seats in the 2025 Netherlands parliamentary election?,Yes,No,0.03,3,0.77,0.77,0.72,0.82,7.18,0.11,20,0.0,0.0,0.0,0.0,0.0,2.38,12.65,0.15,0.18,0.16,4.5,0.01,True,will-cda-win-28-or-more-seats-in-the-2025-netherlands-parliamentary-election,20879770869040035071879697465268450289158331809480249481158708155300007816604,17148622357578278848833910848944406884577000967140916585746659064161763102271,0xd2bb0e0241a9cd7f7277eaa2a0e36e2ed4f842e67671b889fc724d829cd801f7
OpenAI browser in 2025?,Yes,No,0.020000000000000018,5,0.77,0.78,0.67,0.89,12.989999999999998,0.06,100,0.0,0.0,0.0,1.88,1.64,4.63,7.28,0.75,0.77,0.76,3.5,0.01,False,openai-browser-in-2025,107464577842066559760656019062729852840640569883500658546207125400108659528704,84463604037073935136662294659876451223367218769202288948744743875605774247448,0xba88b6515079171739698b67a1186c0e0728583eb76c4b9216fff959806d355b
Will Kevin Spacey be named in the Epstein survivors' list?,Yes,No,0.03,3,0.76,0.76,0.72,0.8,6.61,0.11,20,0.0,0.0,0.0,0.0,0.0,3.87,10.97,0.05,0.08,0.06,4.5,0.01,False,will-kevin-spacey-be-named-in-the-epstein-survivors-list,28285859975571949967745254237429649451460494271974631087559593978253378300201,39835200601023509321742401099470161976569242706809556240188402030678952049215,0x451b63843319f73d0475f74d20534a88cb29ddbfca050b773d80c7d8d37270ee
Will Pope Leo visit Turkey first?,Yes,No,0.06000000000000005,2,0.76,0.76,0.78,0.74,12.379999999999999,0.06,50,4.8,3.36,3.11,2.41,4.56,3.31,5.24,0.7,0.76,0.73,3.5,0.01,True,will-pope-leo-visit-turkey-first,84005362655904646531717777833035676931042274323310994696580063848930976423785,58727530413163825901418319210052548330129383180452754914309393753946653280752,0xdf52706a9c87c71c6b79980dadb94b376ecb1fa6502613d4ded02a2db86bb3b1
Will Cuomo x Mamdani debate two times before election?,Yes,No,0.040000000000000036,3,0.75,0.76,0.8,0.71,9.01,0.08,50,0.0,0.0,1.39,1.39,2.94,3.3,2.52,0.7,0.74,0.72,4.5,0.01,True,will-cuomo-x-mamdani-debate-two-times-before-election,34771043644059350466721861345881329956600848525345611358764607640718662414821,26748869055208160922950006321008079339295854046159280398362510746668850792467,0x75466cc747b564fba23a523d305aa903db68b2ccb127381aeacbeabb05e19edb
